Transaction ID,Date,Customer Name,Product,Quantity,Price,Total Sales
1,2023-12-01,Bob Lee,Widget B,8,45.75,366.0
2,2023-07-11,Alice Johnson,Widget B,10,45.75,457.5
3,2023-09-23,Maria Davis,Widget B,4,45.75,183.0
4,2023-01-19,Bob Lee,Widget A,3,25.5,76.5
5,2023-06-11,Bob Lee,Widget A,3,25.5,76.5
6,2023-04-18,Bob Lee,Widget A,9,25.5,229.5
7,2023-11-06,Jane Smith,Gadget E,4,15.0,60.0
8,2023-12-04,Jane Smith,Widget C,1,30.0,30.0
9,2023-09-23,Maria Davis,Gadget E,2,15.0,30.0
10,2023-06-21,Bob Lee,Widget C,7,30.0,210.0
11,2023-11-25,John Doe,Gadget D,4,60.25,241.0
12,2023-03-05,Alice Johnson,Gadget E,5,15.0,75.0
13,2023-11-09,John Doe,Widget B,3,45.75,137.25
14,2023-06-03,Jane Smith,Widget A,9,25.5,229.5
15,2023-10-20,Maria Davis,Widget B,7,45.75,320.25
16,2023-02-04,Jane Smith,Gadget D,6,60.25,361.5
17,2023-10-22,Jane Smith,Gadget D,1,60.25,60.25
18,2023-10-10,Maria Davis,Widget A,1,25.5,25.5
19,2023-10-08,John Doe,Widget A,3,25.5,76.5
20,2023-12-23,Jane Smith,Widget A,6,25.5,153.0
21,2023-08-07,Maria Davis,Gadget E,6,15.0,90.0
22,2023-11-13,Bob Lee,Widget B,7,45.75,320.25
23,2023-12-06,Jane Smith,Widget C,3,30.0,90.0
24,2023-06-28,Bob Lee,Widget A,6,25.5,153.0
25,2023-11-05,Alice Johnson,Widget B,6,45.75,274.5
26,2023-10-07,Alice Johnson,Gadget E,6,15.0,90.0
27,2023-11-02,Jane Smith,Gadget D,6,60.25,361.5
28,2023-08-29,Jane Smith,Widget C,2,30.0,60.0
29,2023-05-26,Bob Lee,Gadget E,5,15.0,75.0
30,2023-02-11,Bob Lee,Widget C,2,30.0,60.0
31,2023-02-19,Maria Davis,Gadget E,8,15.0,120.0
32,2023-01-09,John Doe,Widget C,4,30.0,120.0
33,2023-02-06,Alice Johnson,Widget A,8,25.5,204.0
34,2023-01-19,Maria Davis,Gadget E,1,15.0,15.0
35,2023-11-15,Bob Lee,Widget A,9,25.5,229.5
36,2023-04-21,Alice Johnson,Gadget E,4,15.0,60.0
37,2023-05-11,Alice Johnson,Widget B,8,45.75,366.0
38,2023-04-15,Maria Davis,Widget C,6,30.0,180.0
39,2023-07-18,Bob Lee,Gadget D,5,60.25,301.25
40,2023-05-13,Alice Johnson,Widget A,10,25.5,255.0
41,2023-02-22,John Doe,Widget A,7,25.5,178.5
42,2023-06-16,Alice Johnson,Gadget D,8,60.25,482.0
43,2023-06-30,Bob Lee,Widget A,1,25.5,25.5
44,2023-10-31,John Doe,Widget A,8,25.5,204.0
45,2023-05-28,Alice Johnson,Gadget E,3,15.0,45.0
46,2023-07-07,Maria Davis,Gadget E,8,15.0,120.0
47,2023-10-07,Maria Davis,Gadget E,7,15.0,105.0
48,2023-04-14,Maria Davis,Widget C,3,30.0,90.0
49,2023-08-25,Alice Johnson,Widget B,2,45.75,91.5
50,2023-09-22,Alice Johnson,Gadget E,2,15.0,30.0
51,2023-04-30,John Doe,Widget C,8,30.0,240.0
52,2023-05-13,Alice Johnson,Gadget D,10,60.25,602.5
53,2023-06-18,John Doe,Widget A,4,25.5,102.0
54,2023-03-29,Bob Lee,Widget A,6,25.5,153.0
55,2023-07-24,Jane Smith,Gadget E,7,15.0,105.0
56,2023-11-30,Bob Lee,Widget A,6,25.5,153.0
57,2023-08-29,Maria Davis,Gadget D,1,60.25,60.25
58,2023-01-13,Alice Johnson,Gadget E,3,15.0,45.0
59,2023-08-29,Maria Davis,Widget B,4,45.75,183.0
60,2023-07-19,Maria Davis,Widget B,10,45.75,457.5
61,2023-06-02,Jane Smith,Widget A,6,25.5,153.0
62,2023-10-03,Jane Smith,Gadget E,1,15.0,15.0
63,2023-12-30,Jane Smith,Gadget E,9,15.0,135.0
64,2023-06-09,Bob Lee,Widget C,10,30.0,300.0
65,2023-04-15,John Doe,Gadget D,6,60.25,361.5
66,2023-04-09,Jane Smith,Widget C,10,30.0,300.0
67,2023-10-14,Maria Davis,Gadget D,2,60.25,120.5
68,2023-09-14,Bob Lee,Widget C,7,30.0,210.0
69,2023-09-14,John Doe,Gadget D,10,60.25,602.5
70,2023-04-07,Bob Lee,Widget B,3,45.75,137.25
71,2023-06-22,Alice Johnson,Widget C,7,30.0,210.0
72,2023-07-31,Bob Lee,Widget B,2,45.75,91.5
73,2023-03-21,Maria Davis,Widget B,10,45.75,457.5
74,2023-05-21,Maria Davis,Gadget E,9,15.0,135.0
75,2023-01-22,Jane Smith,Widget C,2,30.0,60.0
76,2023-03-05,Jane Smith,Widget B,3,45.75,137.25
77,2023-10-16,Alice Johnson,Gadget D,3,60.25,180.75
78,2023-04-23,Alice Johnson,Widget B,1,45.75,45.75
79,2023-06-03,Alice Johnson,Gadget E,4,15.0,60.0
80,2023-09-24,Jane Smith,Gadget E,10,15.0,150.0
81,2023-03-05,Bob Lee,Gadget E,10,15.0,150.0
82,2023-09-17,Alice Johnson,Widget C,7,30.0,210.0
83,2023-08-21,Alice Johnson,Gadget E,10,15.0,150.0
84,2023-09-14,John Doe,Widget A,2,25.5,51.0
85,2023-04-22,Bob Lee,Widget A,2,25.5,51.0
86,2023-10-22,Bob Lee,Widget A,8,25.5,204.0
87,2023-10-28,Jane Smith,Widget C,4,30.0,120.0
88,2023-11-02,Bob Lee,Gadget D,6,60.25,361.5
89,2023-09-26,Alice Johnson,Gadget E,4,15.0,60.0
90,2023-08-25,Maria Davis,Widget C,8,30.0,240.0
91,2023-09-15,John Doe,Gadget E,5,15.0,75.0
92,2023-12-09,Maria Davis,Widget A,1,25.5,25.5
93,2023-01-27,John Doe,Widget A,9,25.5,229.5
94,2023-01-04,Bob Lee,Widget B,3,45.75,137.25
95,2023-06-07,Bob Lee,Widget A,8,25.5,204.0
96,2023-07-16,Jane Smith,Gadget D,2,60.25,120.5
97,2023-01-10,John Doe,Widget A,9,25.5,229.5
98,2023-06-16,Bob Lee,Widget A,9,25.5,229.5
99,2023-04-05,Jane Smith,Widget C,1,30.0,30.0
100,2023-07-17,John Doe,Gadget E,2,15.0,30.0
101,2023-01-25,John Doe,Gadget D,5,60.25,301.25
102,2023-03-17,Alice Johnson,Widget A,7,25.5,178.5
103,2023-11-29,John Doe,Widget B,7,45.75,320.25
104,2023-08-28,Jane Smith,Widget B,3,45.75,137.25
105,2023-01-30,John Doe,Gadget D,8,60.25,482.0
106,2023-09-13,Bob Lee,Gadget E,6,15.0,90.0
107,2023-10-09,Bob Lee,Widget B,3,45.75,137.25
108,2023-09-20,John Doe,Widget A,5,25.5,127.5
109,2023-05-27,Alice Johnson,Gadget D,9,60.25,542.25
110,2023-07-09,Maria Davis,Gadget D,2,60.25,120.5
111,2023-07-08,Bob Lee,Gadget D,2,60.25,120.5
112,2023-05-27,Alice Johnson,Widget B,5,45.75,228.75
113,2023-10-09,Jane Smith,Widget C,6,30.0,180.0
114,2023-01-14,John Doe,Widget A,2,25.5,51.0
115,2023-06-18,Maria Davis,Widget A,6,25.5,153.0
116,2023-10-24,Maria Davis,Gadget D,4,60.25,241.0
117,2023-07-11,Maria Davis,Gadget E,3,15.0,45.0
118,2023-11-30,Jane Smith,Gadget E,1,15.0,15.0
119,2023-01-28,Alice Johnson,Widget A,5,25.5,127.5
120,2023-08-05,Maria Davis,Widget B,2,45.75,91.5
121,2023-08-10,Alice Johnson,Widget A,5,25.5,127.5
122,2023-12-17,Maria Davis,Widget C,2,30.0,60.0
123,2023-06-14,Maria Davis,Widget C,3,30.0,90.0
124,2023-05-01,John Doe,Widget C,3,30.0,90.0
125,2023-10-11,Maria Davis,Widget A,7,25.5,178.5
126,2023-01-03,Maria Davis,Widget A,10,25.5,255.0
127,2023-11-13,John Doe,Widget A,10,25.5,255.0
128,2023-05-24,Jane Smith,Gadget D,3,60.25,180.75
129,2023-07-28,John Doe,Gadget E,2,15.0,30.0
130,2023-02-09,Maria Davis,Gadget E,10,15.0,150.0
131,2023-01-06,John Doe,Gadget E,4,15.0,60.0
132,2023-03-02,Jane Smith,Widget C,9,30.0,270.0
133,2023-10-28,Bob Lee,Widget A,3,25.5,76.5
134,2023-06-12,Maria Davis,Widget C,8,30.0,240.0
135,2023-02-14,John Doe,Gadget E,7,15.0,105.0
136,2023-08-24,Maria Davis,Widget C,9,30.0,270.0
137,2023-10-18,Jane Smith,Widget A,4,25.5,102.0
138,2023-07-19,Jane Smith,Widget C,8,30.0,240.0
139,2023-03-17,Bob Lee,Widget B,7,45.75,320.25
140,2023-10-10,Alice Johnson,Widget B,1,45.75,45.75
141,2023-11-21,Alice Johnson,Widget B,5,45.75,228.75
142,2023-08-11,Bob Lee,Gadget E,2,15.0,30.0
143,2023-09-12,Bob Lee,Widget C,2,30.0,60.0
144,2023-04-16,Bob Lee,Widget B,2,45.75,91.5
145,2023-08-07,John Doe,Gadget D,2,60.25,120.5
146,2023-10-29,Alice Johnson,Widget A,7,25.5,178.5
147,2023-03-24,Bob Lee,Widget A,8,25.5,204.0
148,2023-08-10,Jane Smith,Widget A,8,25.5,204.0
149,2023-07-29,Bob Lee,Widget A,8,25.5,204.0
150,2023-05-02,Alice Johnson,Gadget E,7,15.0,105.0
151,2023-02-15,Jane Smith,Widget C,4,30.0,120.0
152,2023-02-02,Bob Lee,Widget B,1,45.75,45.75
153,2023-12-24,John Doe,Widget B,1,45.75,45.75
154,2023-07-05,Bob Lee,Gadget E,4,15.0,60.0
155,2023-12-17,Bob Lee,Widget A,10,25.5,255.0
156,2023-08-08,John Doe,Gadget E,9,15.0,135.0
157,2023-08-27,John Doe,Widget C,4,30.0,120.0
158,2023-10-24,Maria Davis,Gadget E,7,15.0,105.0
159,2023-10-20,Maria Davis,Gadget D,5,60.25,301.25
160,2023-04-15,Bob Lee,Widget A,4,25.5,102.0
161,2023-05-07,Maria Davis,Widget C,6,30.0,180.0
162,2023-01-29,Maria Davis,Widget C,2,30.0,60.0
163,2023-07-29,Jane Smith,Gadget D,2,60.25,120.5
164,2023-06-08,John Doe,Gadget E,4,15.0,60.0
165,2023-12-18,John Doe,Gadget D,7,60.25,421.75
166,2023-06-23,Alice Johnson,Widget A,10,25.5,255.0
167,2023-10-13,John Doe,Widget C,8,30.0,240.0
168,2023-12-14,Bob Lee,Gadget E,6,15.0,90.0
169,2023-07-01,Jane Smith,Widget C,2,30.0,60.0
170,2023-05-19,Jane Smith,Widget A,9,25.5,229.5
171,2023-08-09,John Doe,Widget A,1,25.5,25.5
172,2023-03-18,Jane Smith,Widget A,3,25.5,76.5
173,2023-01-21,Bob Lee,Widget A,1,25.5,25.5
174,2023-04-20,Bob Lee,Widget C,1,30.0,30.0
175,2023-02-09,John Doe,Widget A,10,25.5,255.0
176,2023-11-10,Jane Smith,Widget B,10,45.75,457.5
177,2023-06-07,Alice Johnson,Gadget D,1,60.25,60.25
178,2023-12-08,Alice Johnson,Gadget E,4,15.0,60.0
179,2023-04-04,Bob Lee,Gadget E,10,15.0,150.0
180,2023-07-08,Jane Smith,Widget B,5,45.75,228.75
181,2023-02-16,Alice Johnson,Widget A,10,25.5,255.0
182,2023-06-08,John Doe,Widget A,4,25.5,102.0
183,2023-11-01,Maria Davis,Widget B,10,45.75,457.5
184,2023-01-31,Alice Johnson,Widget B,1,45.75,45.75
185,2023-12-03,Jane Smith,Widget A,4,25.5,102.0
186,2023-03-06,Maria Davis,Widget C,1,30.0,30.0
187,2023-11-21,John Doe,Widget C,3,30.0,90.0
188,2023-01-05,Alice Johnson,Gadget D,10,60.25,602.5
189,2023-12-13,Maria Davis,Widget C,3,30.0,90.0
190,2023-11-13,Jane Smith,Gadget E,7,15.0,105.0
191,2023-05-06,Jane Smith,Gadget E,1,15.0,15.0
192,2023-11-09,Maria Davis,Gadget E,1,15.0,15.0
193,2023-10-09,Bob Lee,Gadget E,10,15.0,150.0
194,2023-12-23,Bob Lee,Widget A,7,25.5,178.5
195,2023-09-24,Bob Lee,Gadget E,8,15.0,120.0
196,2023-05-15,Jane Smith,Widget C,10,30.0,300.0
197,2023-01-16,Jane Smith,Widget C,5,30.0,150.0
198,2023-06-12,Alice Johnson,Widget A,10,25.5,255.0
199,2023-09-10,Alice Johnson,Widget C,8,30.0,240.0
200,2023-01-25,Alice Johnson,Widget A,4,25.5,102.0
201,2023-11-07,Maria Davis,Gadget D,4,60.25,241.0
202,2023-03-01,Jane Smith,Widget C,4,30.0,120.0
203,2023-11-11,Bob Lee,Widget A,1,25.5,25.5
204,2023-11-09,Alice Johnson,Widget B,3,45.75,137.25
205,2023-05-11,Alice Johnson,Widget B,4,45.75,183.0
206,2023-06-30,Maria Davis,Widget A,4,25.5,102.0
207,2023-03-18,John Doe,Gadget D,4,60.25,241.0
208,2023-04-04,John Doe,Widget C,1,30.0,30.0
209,2023-08-05,John Doe,Widget B,1,45.75,45.75
210,2023-08-22,Alice Johnson,Gadget E,5,15.0,75.0
211,2023-12-04,Maria Davis,Widget B,5,45.75,228.75
212,2023-04-22,Bob Lee,Widget C,6,30.0,180.0
213,2023-08-21,Bob Lee,Widget A,6,25.5,153.0
214,2023-10-21,Maria Davis,Gadget D,1,60.25,60.25
215,2023-12-12,Jane Smith,Gadget E,8,15.0,120.0
216,2023-07-23,Alice Johnson,Widget C,8,30.0,240.0
217,2023-09-30,Bob Lee,Gadget E,8,15.0,120.0
218,2023-10-05,John Doe,Widget A,1,25.5,25.5
219,2023-03-11,Maria Davis,Widget C,8,30.0,240.0
220,2023-02-03,John Doe,Gadget D,1,60.25,60.25
221,2023-11-11,Alice Johnson,Widget C,8,30.0,240.0
222,2023-06-19,Alice Johnson,Gadget D,3,60.25,180.75
223,2023-09-08,Jane Smith,Gadget E,8,15.0,120.0
224,2023-06-21,Maria Davis,Gadget E,10,15.0,150.0
225,2023-02-11,Jane Smith,Widget A,3,25.5,76.5
226,2023-02-14,Jane Smith,Gadget E,10,15.0,150.0
227,2023-10-08,Maria Davis,Widget A,1,25.5,25.5
228,2023-12-13,Alice Johnson,Widget A,5,25.5,127.5
229,2023-07-30,John Doe,Widget B,3,45.75,137.25
230,2023-02-06,Jane Smith,Gadget E,4,15.0,60.0
231,2023-09-26,Alice Johnson,Widget A,4,25.5,102.0
232,2023-02-21,John Doe,Widget C,2,30.0,60.0
233,2023-01-11,Bob Lee,Gadget D,10,60.25,602.5
234,2023-07-23,Alice Johnson,Gadget D,8,60.25,482.0
235,2023-06-14,Alice Johnson,Widget C,6,30.0,180.0
236,2023-02-04,Bob Lee,Widget A,7,25.5,178.5
237,2023-06-28,John Doe,Widget C,4,30.0,120.0
238,2023-01-08,Bob Lee,Widget A,2,25.5,51.0
239,2023-08-04,Alice Johnson,Widget B,8,45.75,366.0
240,2023-07-27,Maria Davis,Gadget D,7,60.25,421.75
241,2023-10-21,Alice Johnson,Widget C,10,30.0,300.0
242,2023-07-03,Alice Johnson,Gadget E,5,15.0,75.0
243,2023-12-26,Maria Davis,Widget B,3,45.75,137.25
244,2023-07-19,Bob Lee,Gadget D,10,60.25,602.5
245,2023-04-25,Maria Davis,Widget C,8,30.0,240.0
246,2023-09-06,Alice Johnson,Widget A,6,25.5,153.0
247,2023-12-13,Maria Davis,Widget A,5,25.5,127.5
248,2023-05-26,Maria Davis,Widget A,10,25.5,255.0
249,2023-08-19,Alice Johnson,Gadget E,3,15.0,45.0
250,2023-05-02,Alice Johnson,Widget A,7,25.5,178.5
251,2023-06-12,John Doe,Gadget D,9,60.25,542.25
252,2023-08-09,Bob Lee,Gadget E,1,15.0,15.0
253,2023-03-16,Alice Johnson,Gadget E,6,15.0,90.0
254,2023-12-12,Alice Johnson,Widget A,9,25.5,229.5
255,2023-05-10,Alice Johnson,Widget B,2,45.75,91.5
256,2023-03-01,Maria Davis,Gadget D,4,60.25,241.0
257,2023-06-11,Bob Lee,Widget B,3,45.75,137.25
258,2023-03-30,Maria Davis,Gadget D,4,60.25,241.0
259,2023-07-20,Jane Smith,Widget C,10,30.0,300.0
260,2023-07-22,John Doe,Widget C,4,30.0,120.0
261,2023-07-01,Alice Johnson,Widget C,4,30.0,120.0
262,2023-08-20,Bob Lee,Gadget D,7,60.25,421.75
263,2023-06-07,Maria Davis,Gadget D,3,60.25,180.75
264,2023-02-07,Jane Smith,Widget A,1,25.5,25.5
265,2023-05-20,John Doe,Gadget E,7,15.0,105.0
266,2023-08-05,Bob Lee,Widget C,3,30.0,90.0
267,2023-07-22,Bob Lee,Widget B,7,45.75,320.25
268,2023-07-30,John Doe,Gadget D,1,60.25,60.25
269,2023-10-11,Maria Davis,Gadget D,9,60.25,542.25
270,2023-12-10,John Doe,Gadget D,1,60.25,60.25
271,2023-11-20,Bob Lee,Widget B,9,45.75,411.75
272,2023-05-21,John Doe,Widget C,8,30.0,240.0
273,2023-04-15,Maria Davis,Gadget D,4,60.25,241.0
274,2023-05-16,Bob Lee,Gadget D,9,60.25,542.25
275,2023-04-29,Maria Davis,Widget B,4,45.75,183.0
276,2023-02-05,John Doe,Gadget E,5,15.0,75.0
277,2023-10-31,Maria Davis,Widget B,7,45.75,320.25
278,2023-02-14,John Doe,Widget C,9,30.0,270.0
279,2023-07-16,Alice Johnson,Widget A,4,25.5,102.0
280,2023-12-31,Jane Smith,Widget B,6,45.75,274.5
281,2023-07-14,Alice Johnson,Widget B,7,45.75,320.25
282,2023-01-21,Jane Smith,Widget A,6,25.5,153.0
283,2023-06-05,Bob Lee,Gadget E,10,15.0,150.0
284,2023-04-19,John Doe,Widget A,8,25.5,204.0
285,2023-08-19,Maria Davis,Widget C,8,30.0,240.0
286,2023-07-19,Jane Smith,Gadget D,7,60.25,421.75
287,2023-07-15,Jane Smith,Gadget D,6,60.25,361.5
288,2023-10-02,Maria Davis,Gadget E,7,15.0,105.0
289,2023-11-27,Maria Davis,Widget A,6,25.5,153.0
290,2023-11-15,Jane Smith,Gadget D,4,60.25,241.0
291,2023-12-01,Jane Smith,Gadget D,2,60.25,120.5
292,2023-02-16,Bob Lee,Widget B,4,45.75,183.0
293,2023-04-13,John Doe,Gadget E,10,15.0,150.0
294,2023-01-18,Alice Johnson,Gadget D,2,60.25,120.5
295,2023-01-09,Maria Davis,Gadget E,7,15.0,105.0
296,2023-11-24,Jane Smith,Gadget D,4,60.25,241.0
297,2023-11-01,John Doe,Widget C,9,30.0,270.0
298,2023-10-20,Bob Lee,Gadget D,5,60.25,301.25
299,2023-12-13,Bob Lee,Gadget D,10,60.25,602.5
300,2023-03-23,John Doe,Gadget D,5,60.25,301.25
301,2023-07-11,John Doe,Gadget D,7,60.25,421.75
302,2023-04-27,Alice Johnson,Widget C,2,30.0,60.0
303,2023-05-10,John Doe,Gadget E,3,15.0,45.0
304,2023-10-16,Jane Smith,Gadget D,8,60.25,482.0
305,2023-02-12,Maria Davis,Gadget E,3,15.0,45.0
306,2023-12-30,Jane Smith,Gadget E,10,15.0,150.0
307,2023-12-17,Jane Smith,Gadget E,2,15.0,30.0
308,2023-03-23,Bob Lee,Widget B,7,45.75,320.25
309,2023-11-26,Alice Johnson,Widget B,5,45.75,228.75
310,2023-05-14,Alice Johnson,Gadget E,8,15.0,120.0
311,2023-04-13,Bob Lee,Widget B,3,45.75,137.25
312,2023-01-11,Bob Lee,Widget B,4,45.75,183.0
313,2023-05-18,Jane Smith,Widget B,6,45.75,274.5
314,2023-03-02,Bob Lee,Widget C,5,30.0,150.0
315,2023-03-29,Maria Davis,Widget A,9,25.5,229.5
316,2023-08-18,John Doe,Widget C,3,30.0,90.0
317,2023-03-08,Jane Smith,Gadget E,9,15.0,135.0
318,2023-06-22,Bob Lee,Widget C,10,30.0,300.0
319,2023-08-10,Alice Johnson,Widget B,1,45.75,45.75
320,2023-11-14,Bob Lee,Widget A,6,25.5,153.0
321,2023-01-05,Bob Lee,Widget C,6,30.0,180.0
322,2023-08-18,Bob Lee,Widget C,4,30.0,120.0
323,2023-04-18,Bob Lee,Gadget E,2,15.0,30.0
324,2023-01-19,Alice Johnson,Widget C,10,30.0,300.0
325,2023-08-03,Maria Davis,Widget B,1,45.75,45.75
326,2023-06-18,Maria Davis,Gadget E,3,15.0,45.0
327,2023-08-05,Alice Johnson,Gadget E,8,15.0,120.0
328,2023-02-11,Maria Davis,Gadget D,8,60.25,482.0
329,2023-05-27,John Doe,Gadget D,10,60.25,602.5
330,2023-12-27,John Doe,Widget C,10,30.0,300.0
331,2023-04-29,Jane Smith,Widget A,9,25.5,229.5
332,2023-09-05,Alice Johnson,Gadget D,3,60.25,180.75
333,2023-03-11,Jane Smith,Widget B,10,45.75,457.5
334,2023-02-25,Maria Davis,Widget C,3,30.0,90.0
335,2023-12-11,Alice Johnson,Widget B,4,45.75,183.0
336,2023-05-02,John Doe,Widget B,6,45.75,274.5
337,2023-04-05,Maria Davis,Widget C,6,30.0,180.0
338,2023-02-09,John Doe,Widget A,3,25.5,76.5
339,2023-10-07,Jane Smith,Widget B,1,45.75,45.75
340,2023-01-14,Alice Johnson,Widget B,1,45.75,45.75
341,2023-07-31,Maria Davis,Gadget D,6,60.25,361.5
342,2023-05-13,Bob Lee,Widget C,9,30.0,270.0
343,2023-10-03,John Doe,Widget C,4,30.0,120.0
344,2023-07-21,Alice Johnson,Widget A,6,25.5,153.0
345,2023-06-21,John Doe,Widget C,10,30.0,300.0
346,2023-06-12,Alice Johnson,Widget C,6,30.0,180.0
347,2023-10-29,Alice Johnson,Gadget E,10,15.0,150.0
348,2023-05-06,Maria Davis,Widget C,5,30.0,150.0
349,2023-01-04,Jane Smith,Gadget D,1,60.25,60.25
350,2023-11-27,Jane Smith,Gadget E,7,15.0,105.0
351,2023-10-13,Bob Lee,Widget C,8,30.0,240.0
352,2023-09-16,Maria Davis,Widget A,2,25.5,51.0
353,2023-03-20,John Doe,Widget C,2,30.0,60.0
354,2023-04-21,Alice Johnson,Gadget D,7,60.25,421.75
355,2023-12-30,John Doe,Gadget D,3,60.25,180.75
356,2023-03-22,Alice Johnson,Widget A,10,25.5,255.0
357,2023-05-24,John Doe,Gadget D,1,60.25,60.25
358,2023-06-27,Jane Smith,Widget C,1,30.0,30.0
359,2023-01-06,Jane Smith,Widget A,1,25.5,25.5
360,2023-01-05,Jane Smith,Gadget D,2,60.25,120.5
361,2023-11-09,Maria Davis,Gadget D,2,60.25,120.5
362,2023-03-03,John Doe,Widget B,10,45.75,457.5
363,2023-04-20,Jane Smith,Widget B,1,45.75,45.75
364,2023-02-07,Jane Smith,Gadget E,9,15.0,135.0
365,2023-12-07,Jane Smith,Widget C,5,30.0,150.0
366,2023-07-13,John Doe,Gadget D,4,60.25,241.0
367,2023-09-05,John Doe,Widget A,1,25.5,25.5
368,2023-03-13,John Doe,Widget A,1,25.5,25.5
369,2023-07-12,Alice Johnson,Widget A,7,25.5,178.5
370,2023-01-08,Maria Davis,Gadget D,1,60.25,60.25
371,2023-08-22,Bob Lee,Widget C,8,30.0,240.0
372,2023-03-09,John Doe,Widget C,5,30.0,150.0
373,2023-11-22,Jane Smith,Widget A,3,25.5,76.5
374,2023-10-21,Alice Johnson,Gadget E,3,15.0,45.0
375,2023-01-13,John Doe,Gadget D,3,60.25,180.75
376,2023-09-07,Alice Johnson,Widget C,2,30.0,60.0
377,2023-10-17,Jane Smith,Widget B,2,45.75,91.5
378,2023-02-14,Bob Lee,Widget B,2,45.75,91.5
379,2023-02-16,Maria Davis,Gadget E,3,15.0,45.0
380,2023-04-15,Jane Smith,Widget C,4,30.0,120.0
381,2023-10-04,Alice Johnson,Gadget E,6,15.0,90.0
382,2023-05-29,John Doe,Widget B,2,45.75,91.5
383,2023-04-01,Alice Johnson,Widget C,3,30.0,90.0
384,2023-01-31,Alice Johnson,Gadget D,5,60.25,301.25
385,2023-07-16,Jane Smith,Widget B,8,45.75,366.0
386,2023-03-05,John Doe,Widget A,7,25.5,178.5
387,2023-06-19,Maria Davis,Widget B,9,45.75,411.75
388,2023-12-24,John Doe,Widget A,8,25.5,204.0
389,2023-12-08,Bob Lee,Gadget D,2,60.25,120.5
390,2023-02-25,Alice Johnson,Gadget D,10,60.25,602.5
391,2023-02-17,John Doe,Widget A,3,25.5,76.5
392,2023-11-26,John Doe,Widget A,1,25.5,25.5
393,2023-02-16,John Doe,Widget A,1,25.5,25.5
394,2023-11-27,Bob Lee,Widget A,4,25.5,102.0
395,2023-01-19,Alice Johnson,Gadget D,3,60.25,180.75
396,2023-09-28,Maria Davis,Gadget E,7,15.0,105.0
397,2023-06-05,Bob Lee,Gadget D,7,60.25,421.75
398,2023-03-11,Alice Johnson,Gadget E,6,15.0,90.0
399,2023-06-07,Bob Lee,Gadget E,6,15.0,90.0
400,2023-05-16,Alice Johnson,Widget A,9,25.5,229.5
401,2023-02-11,Bob Lee,Widget B,10,45.75,457.5
402,2023-08-20,Bob Lee,Gadget E,6,15.0,90.0
403,2023-02-20,Alice Johnson,Gadget E,5,15.0,75.0
404,2023-06-08,Alice Johnson,Gadget D,4,60.25,241.0
405,2023-03-27,Alice Johnson,Gadget D,1,60.25,60.25
406,2023-03-11,Alice Johnson,Widget B,9,45.75,411.75
407,2023-04-02,Alice Johnson,Widget A,9,25.5,229.5
408,2023-04-19,Maria Davis,Gadget E,8,15.0,120.0
409,2023-05-07,Jane Smith,Widget B,2,45.75,91.5
410,2023-01-07,Maria Davis,Widget B,10,45.75,457.5
411,2023-09-09,Jane Smith,Widget B,4,45.75,183.0
412,2023-06-21,John Doe,Gadget D,5,60.25,301.25
413,2023-07-27,Alice Johnson,Widget A,4,25.5,102.0
414,2023-01-20,Bob Lee,Widget B,6,45.75,274.5
415,2023-11-17,Maria Davis,Gadget E,6,15.0,90.0
416,2023-03-13,Jane Smith,Widget B,5,45.75,228.75
417,2023-02-17,John Doe,Gadget E,1,15.0,15.0
418,2023-02-09,Maria Davis,Widget B,6,45.75,274.5
419,2023-10-24,Maria Davis,Gadget D,10,60.25,602.5
420,2023-01-28,John Doe,Widget A,8,25.5,204.0
421,2023-05-24,Bob Lee,Widget B,6,45.75,274.5
422,2023-06-01,John Doe,Gadget E,1,15.0,15.0
423,2023-10-13,Jane Smith,Gadget E,5,15.0,75.0
424,2023-03-11,Alice Johnson,Gadget D,2,60.25,120.5
425,2023-10-15,John Doe,Widget B,1,45.75,45.75
426,2023-02-26,Maria Davis,Widget B,3,45.75,137.25
427,2023-03-30,Bob Lee,Gadget E,9,15.0,135.0
428,2023-05-02,Bob Lee,Widget C,1,30.0,30.0
429,2023-06-05,Bob Lee,Gadget E,4,15.0,60.0
430,2023-11-26,Bob Lee,Gadget D,1,60.25,60.25
431,2023-06-15,Alice Johnson,Widget A,7,25.5,178.5
432,2023-04-10,Bob Lee,Widget C,2,30.0,60.0
433,2023-05-14,Maria Davis,Widget B,10,45.75,457.5
434,2023-03-03,Bob Lee,Gadget E,5,15.0,75.0
435,2023-06-01,Bob Lee,Widget C,7,30.0,210.0
436,2023-06-21,John Doe,Widget C,1,30.0,30.0
437,2023-07-26,Alice Johnson,Gadget E,6,15.0,90.0
438,2023-12-07,Maria Davis,Widget A,5,25.5,127.5
439,2023-04-22,Jane Smith,Gadget E,10,15.0,150.0
440,2023-06-14,Alice Johnson,Gadget E,8,15.0,120.0
441,2023-01-11,Jane Smith,Widget A,10,25.5,255.0
442,2023-01-28,John Doe,Widget C,6,30.0,180.0
443,2023-09-21,John Doe,Gadget D,5,60.25,301.25
444,2023-12-19,John Doe,Widget A,9,25.5,229.5
445,2023-03-22,Maria Davis,Gadget D,4,60.25,241.0
446,2023-02-27,Jane Smith,Gadget E,9,15.0,135.0
447,2023-05-30,Bob Lee,Gadget E,5,15.0,75.0
448,2023-02-16,Jane Smith,Widget A,7,25.5,178.5
449,2023-08-26,Jane Smith,Gadget E,4,15.0,60.0
450,2023-06-24,Bob Lee,Widget B,8,45.75,366.0
451,2023-11-26,Bob Lee,Widget C,4,30.0,120.0
452,2023-01-26,Bob Lee,Gadget D,2,60.25,120.5
453,2023-02-21,Jane Smith,Widget C,8,30.0,240.0
454,2023-09-28,Jane Smith,Gadget E,7,15.0,105.0
455,2023-08-14,John Doe,Widget C,9,30.0,270.0
456,2023-04-22,Jane Smith,Widget A,4,25.5,102.0
457,2023-01-20,John Doe,Widget C,7,30.0,210.0
458,2023-04-29,Jane Smith,Widget A,1,25.5,25.5
459,2023-07-27,Jane Smith,Widget A,3,25.5,76.5
460,2023-08-13,Bob Lee,Widget B,7,45.75,320.25
461,2023-05-13,Jane Smith,Gadget D,9,60.25,542.25
462,2023-10-04,Alice Johnson,Widget A,7,25.5,178.5
463,2023-12-10,Maria Davis,Widget C,2,30.0,60.0
464,2023-06-26,Jane Smith,Widget C,6,30.0,180.0
465,2023-09-28,John Doe,Widget C,4,30.0,120.0
466,2023-10-03,John Doe,Widget C,10,30.0,300.0
467,2023-05-30,John Doe,Widget C,10,30.0,300.0
468,2023-04-09,Jane Smith,Gadget E,7,15.0,105.0
469,2023-11-14,John Doe,Widget B,6,45.75,274.5
470,2023-06-27,John Doe,Widget A,9,25.5,229.5
471,2023-04-12,Bob Lee,Widget B,4,45.75,183.0
472,2023-12-15,Alice Johnson,Widget B,10,45.75,457.5
473,2023-02-23,Jane Smith,Widget C,1,30.0,30.0
474,2023-12-09,Alice Johnson,Widget A,9,25.5,229.5
475,2023-08-21,Jane Smith,Gadget D,3,60.25,180.75
476,2023-10-29,Alice Johnson,Widget C,7,30.0,210.0
477,2023-06-08,Bob Lee,Widget B,9,45.75,411.75
478,2023-08-19,John Doe,Gadget D,5,60.25,301.25
479,2023-02-23,Bob Lee,Gadget D,10,60.25,602.5
480,2023-09-30,Bob Lee,Widget C,7,30.0,210.0
481,2023-08-20,Bob Lee,Widget A,3,25.5,76.5
482,2023-04-19,Jane Smith,Gadget D,5,60.25,301.25
483,2023-06-03,John Doe,Widget C,10,30.0,300.0
484,2023-06-25,Alice Johnson,Widget B,9,45.75,411.75
485,2023-06-22,Bob Lee,Gadget E,1,15.0,15.0
486,2023-06-29,Maria Davis,Widget C,5,30.0,150.0
487,2023-06-02,Jane Smith,Widget A,4,25.5,102.0
488,2023-04-26,John Doe,Widget A,5,25.5,127.5
489,2023-08-19,Jane Smith,Gadget D,2,60.25,120.5
490,2023-10-31,Alice Johnson,Gadget E,8,15.0,120.0
491,2023-04-09,Bob Lee,Gadget D,6,60.25,361.5
492,2023-02-26,Jane Smith,Widget B,7,45.75,320.25
493,2023-02-14,John Doe,Widget B,10,45.75,457.5
494,2023-08-05,Alice Johnson,Widget B,3,45.75,137.25
495,2023-08-05,Bob Lee,Widget A,5,25.5,127.5
496,2023-03-10,Alice Johnson,Gadget D,1,60.25,60.25
497,2023-09-15,John Doe,Widget C,10,30.0,300.0
498,2023-05-21,Maria Davis,Gadget D,8,60.25,482.0
499,2023-11-23,Maria Davis,Widget B,9,45.75,411.75
500,2023-09-22,Bob Lee,Widget C,10,30.0,300.0
501,2023-05-24,John Doe,Widget B,1,45.75,45.75
502,2023-10-23,Jane Smith,Widget C,2,30.0,60.0
503,2023-07-14,Bob Lee,Widget A,5,25.5,127.5
504,2023-02-15,Jane Smith,Gadget D,9,60.25,542.25
505,2023-12-05,Bob Lee,Widget A,2,25.5,51.0
506,2023-06-19,John Doe,Widget A,7,25.5,178.5
507,2023-08-12,Bob Lee,Gadget D,5,60.25,301.25
508,2023-03-11,Jane Smith,Gadget D,5,60.25,301.25
509,2023-03-27,John Doe,Gadget E,5,15.0,75.0
510,2023-10-08,Maria Davis,Widget C,6,30.0,180.0
511,2023-10-02,Bob Lee,Widget B,1,45.75,45.75
512,2023-05-15,Bob Lee,Widget B,10,45.75,457.5
513,2023-10-25,Bob Lee,Widget C,1,30.0,30.0
514,2023-02-25,Alice Johnson,Widget B,7,45.75,320.25
515,2023-01-16,Bob Lee,Gadget D,9,60.25,542.25
516,2023-03-27,John Doe,Gadget D,9,60.25,542.25
517,2023-10-10,Maria Davis,Widget A,3,25.5,76.5
518,2023-02-12,Bob Lee,Widget B,3,45.75,137.25
519,2023-12-16,John Doe,Widget A,6,25.5,153.0
520,2023-11-15,Maria Davis,Widget A,1,25.5,25.5
521,2023-05-12,Jane Smith,Widget B,8,45.75,366.0
522,2023-12-14,John Doe,Widget B,1,45.75,45.75
523,2023-05-12,Jane Smith,Gadget D,10,60.25,602.5
524,2023-10-13,Maria Davis,Gadget D,6,60.25,361.5
525,2023-12-12,Alice Johnson,Widget C,4,30.0,120.0
526,2023-05-16,Maria Davis,Widget B,1,45.75,45.75
527,2023-05-12,Bob Lee,Gadget D,7,60.25,421.75
528,2023-06-13,Maria Davis,Widget C,8,30.0,240.0
529,2023-03-08,Alice Johnson,Gadget E,3,15.0,45.0
530,2023-11-12,Jane Smith,Widget A,10,25.5,255.0
531,2023-12-20,Maria Davis,Widget C,10,30.0,300.0
532,2023-10-11,Bob Lee,Widget B,10,45.75,457.5
533,2023-10-18,Alice Johnson,Widget A,5,25.5,127.5
534,2023-01-29,Bob Lee,Widget B,2,45.75,91.5
535,2023-05-03,John Doe,Gadget D,9,60.25,542.25
536,2023-04-19,Jane Smith,Widget C,1,30.0,30.0
537,2023-06-14,John Doe,Widget B,5,45.75,228.75
538,2023-01-29,Maria Davis,Widget A,5,25.5,127.5
539,2023-12-04,Bob Lee,Widget B,6,45.75,274.5
540,2023-07-30,Jane Smith,Widget B,4,45.75,183.0
541,2023-12-10,Bob Lee,Widget C,1,30.0,30.0
542,2023-11-18,Jane Smith,Gadget D,4,60.25,241.0
543,2023-02-17,Maria Davis,Gadget E,8,15.0,120.0
544,2023-05-31,Jane Smith,Widget C,3,30.0,90.0
545,2023-07-08,John Doe,Gadget D,10,60.25,602.5
546,2023-08-31,Jane Smith,Widget C,9,30.0,270.0
547,2023-07-31,Alice Johnson,Widget B,2,45.75,91.5
548,2023-12-25,Alice Johnson,Widget C,2,30.0,60.0
549,2023-12-02,Alice Johnson,Widget C,1,30.0,30.0
550,2023-03-08,John Doe,Gadget D,4,60.25,241.0
551,2023-08-26,Maria Davis,Gadget D,4,60.25,241.0
552,2023-12-02,Jane Smith,Gadget D,8,60.25,482.0
553,2023-06-20,John Doe,Widget A,4,25.5,102.0
554,2023-05-17,Bob Lee,Gadget D,9,60.25,542.25
555,2023-01-11,Alice Johnson,Widget A,1,25.5,25.5
556,2023-01-24,Jane Smith,Gadget E,6,15.0,90.0
557,2023-01-12,Bob Lee,Widget A,4,25.5,102.0
558,2023-10-12,John Doe,Widget C,2,30.0,60.0
559,2023-07-08,Bob Lee,Widget A,4,25.5,102.0
560,2023-02-08,John Doe,Widget C,3,30.0,90.0
561,2023-05-29,Maria Davis,Widget A,9,25.5,229.5
562,2023-06-28,John Doe,Gadget D,3,60.25,180.75
563,2023-01-01,Jane Smith,Widget B,7,45.75,320.25
564,2023-03-28,Maria Davis,Widget A,8,25.5,204.0
565,2023-11-03,John Doe,Gadget D,9,60.25,542.25
566,2023-05-08,Alice Johnson,Widget B,7,45.75,320.25
567,2023-04-17,Bob Lee,Gadget E,3,15.0,45.0
568,2023-06-17,Alice Johnson,Widget A,10,25.5,255.0
569,2023-01-15,Maria Davis,Widget A,7,25.5,178.5
570,2023-08-18,Jane Smith,Widget C,5,30.0,150.0
571,2023-01-17,Bob Lee,Widget C,5,30.0,150.0
572,2023-08-15,John Doe,Widget C,8,30.0,240.0
573,2023-03-21,Jane Smith,Gadget E,8,15.0,120.0
574,2023-12-18,Jane Smith,Widget B,4,45.75,183.0
575,2023-10-28,Maria Davis,Widget A,5,25.5,127.5
576,2023-09-04,Maria Davis,Gadget D,4,60.25,241.0
577,2023-10-07,John Doe,Widget C,3,30.0,90.0
578,2023-02-07,John Doe,Gadget D,6,60.25,361.5
579,2023-10-24,Alice Johnson,Widget A,10,25.5,255.0
580,2023-12-21,Maria Davis,Widget B,6,45.75,274.5
581,2023-02-10,John Doe,Gadget E,7,15.0,105.0
582,2023-01-13,John Doe,Widget B,3,45.75,137.25
583,2023-01-06,Bob Lee,Gadget E,5,15.0,75.0
584,2023-09-10,Maria Davis,Gadget D,4,60.25,241.0
585,2023-09-07,John Doe,Gadget E,5,15.0,75.0
586,2023-02-22,Bob Lee,Widget A,10,25.5,255.0
587,2023-08-24,Maria Davis,Gadget E,2,15.0,30.0
588,2023-12-09,Bob Lee,Widget B,7,45.75,320.25
589,2023-08-10,Maria Davis,Widget A,9,25.5,229.5
590,2023-10-16,Alice Johnson,Gadget D,7,60.25,421.75
591,2023-10-19,John Doe,Widget A,5,25.5,127.5
592,2023-07-22,Bob Lee,Widget B,1,45.75,45.75
593,2023-06-20,Maria Davis,Widget A,6,25.5,153.0
594,2023-01-28,Jane Smith,Gadget E,1,15.0,15.0
595,2023-04-21,John Doe,Gadget E,3,15.0,45.0
596,2023-03-01,Maria Davis,Gadget E,1,15.0,15.0
597,2023-11-13,Jane Smith,Gadget E,3,15.0,45.0
598,2023-04-10,John Doe,Widget B,3,45.75,137.25
599,2023-09-15,Alice Johnson,Widget A,4,25.5,102.0
600,2023-12-13,Jane Smith,Gadget E,8,15.0,120.0
601,2023-08-02,Bob Lee,Gadget E,9,15.0,135.0
602,2023-04-02,John Doe,Widget C,10,30.0,300.0
603,2023-10-20,Bob Lee,Widget B,6,45.75,274.5
604,2023-04-19,Maria Davis,Gadget D,10,60.25,602.5
605,2023-06-28,Bob Lee,Gadget D,9,60.25,542.25
606,2023-04-27,Jane Smith,Widget A,8,25.5,204.0
607,2023-05-06,Maria Davis,Gadget E,4,15.0,60.0
608,2023-01-26,John Doe,Widget A,3,25.5,76.5
609,2023-08-11,John Doe,Gadget E,4,15.0,60.0
610,2023-12-02,John Doe,Gadget D,1,60.25,60.25
611,2023-04-22,John Doe,Widget A,1,25.5,25.5
612,2023-11-25,Alice Johnson,Gadget E,4,15.0,60.0
613,2023-03-14,Alice Johnson,Widget C,2,30.0,60.0
614,2023-06-28,Jane Smith,Widget B,5,45.75,228.75
615,2023-10-09,Alice Johnson,Widget A,8,25.5,204.0
616,2023-11-09,Bob Lee,Gadget D,10,60.25,602.5
617,2023-05-23,Maria Davis,Gadget D,2,60.25,120.5
618,2023-05-06,Maria Davis,Gadget E,7,15.0,105.0
619,2023-08-26,Maria Davis,Widget A,8,25.5,204.0
620,2023-02-03,Bob Lee,Gadget D,3,60.25,180.75
621,2023-10-24,Bob Lee,Widget C,5,30.0,150.0
622,2023-12-30,Jane Smith,Gadget D,7,60.25,421.75
623,2023-06-12,Alice Johnson,Gadget E,7,15.0,105.0
624,2023-01-15,Maria Davis,Widget C,9,30.0,270.0
625,2023-12-04,Bob Lee,Gadget D,7,60.25,421.75
626,2023-09-19,Bob Lee,Gadget E,4,15.0,60.0
627,2023-11-12,John Doe,Widget A,10,25.5,255.0
628,2023-05-16,John Doe,Gadget E,5,15.0,75.0
629,2023-05-02,Bob Lee,Widget B,2,45.75,91.5
630,2023-08-31,Alice Johnson,Gadget D,4,60.25,241.0
631,2023-07-16,Maria Davis,Widget C,2,30.0,60.0
632,2023-03-27,Maria Davis,Widget A,8,25.5,204.0
633,2023-08-06,Bob Lee,Gadget D,8,60.25,482.0
634,2023-12-31,Jane Smith,Widget A,3,25.5,76.5
635,2023-03-13,Alice Johnson,Gadget D,3,60.25,180.75
636,2023-09-14,Jane Smith,Gadget D,10,60.25,602.5
637,2023-04-01,Jane Smith,Widget A,9,25.5,229.5
638,2023-10-14,Maria Davis,Widget B,2,45.75,91.5
639,2023-06-22,Alice Johnson,Widget B,3,45.75,137.25
640,2023-03-02,Maria Davis,Gadget E,9,15.0,135.0
641,2023-06-05,Maria Davis,Gadget D,3,60.25,180.75
642,2023-04-19,Alice Johnson,Widget A,6,25.5,153.0
643,2023-05-27,Jane Smith,Gadget D,6,60.25,361.5
644,2023-02-27,Maria Davis,Widget A,6,25.5,153.0
645,2023-06-12,John Doe,Widget A,3,25.5,76.5
646,2023-04-08,Jane Smith,Widget B,2,45.75,91.5
647,2023-10-08,Maria Davis,Gadget E,8,15.0,120.0
648,2023-11-30,Maria Davis,Widget B,8,45.75,366.0
649,2023-05-20,Bob Lee,Widget A,1,25.5,25.5
650,2023-09-24,Bob Lee,Gadget E,7,15.0,105.0
651,2023-03-15,Jane Smith,Gadget D,6,60.25,361.5
652,2023-07-09,John Doe,Widget A,10,25.5,255.0
653,2023-07-14,Maria Davis,Widget C,1,30.0,30.0
654,2023-07-23,John Doe,Gadget D,5,60.25,301.25
655,2023-04-14,Jane Smith,Gadget E,2,15.0,30.0
656,2023-06-27,Maria Davis,Gadget D,1,60.25,60.25
657,2023-05-26,Bob Lee,Widget C,2,30.0,60.0
658,2023-06-25,Alice Johnson,Widget B,9,45.75,411.75
659,2023-01-05,Maria Davis,Widget C,6,30.0,180.0
660,2023-04-25,Jane Smith,Widget B,4,45.75,183.0
661,2023-02-06,John Doe,Widget A,1,25.5,25.5
662,2023-10-25,Bob Lee,Gadget E,5,15.0,75.0
663,2023-03-10,John Doe,Gadget D,3,60.25,180.75
664,2023-09-01,Maria Davis,Gadget E,4,15.0,60.0
665,2023-02-08,Alice Johnson,Widget B,7,45.75,320.25
666,2023-01-21,Jane Smith,Gadget E,6,15.0,90.0
667,2023-09-23,Maria Davis,Widget C,9,30.0,270.0
668,2023-02-18,Jane Smith,Widget B,5,45.75,228.75
669,2023-03-23,Maria Davis,Gadget D,10,60.25,602.5
670,2023-07-11,John Doe,Widget B,2,45.75,91.5
671,2023-08-15,Bob Lee,Widget C,10,30.0,300.0
672,2023-05-16,Jane Smith,Widget A,3,25.5,76.5
673,2023-11-25,John Doe,Widget C,9,30.0,270.0
674,2023-06-04,Alice Johnson,Gadget E,8,15.0,120.0
675,2023-02-01,Jane Smith,Widget C,8,30.0,240.0
676,2023-11-23,Bob Lee,Gadget D,8,60.25,482.0
677,2023-01-20,Maria Davis,Widget A,3,25.5,76.5
678,2023-08-15,Maria Davis,Widget C,8,30.0,240.0
679,2023-03-05,Maria Davis,Gadget E,5,15.0,75.0
680,2023-05-23,John Doe,Gadget D,7,60.25,421.75
681,2023-01-27,Bob Lee,Gadget D,8,60.25,482.0
682,2023-10-14,Maria Davis,Widget B,10,45.75,457.5
683,2023-08-22,Maria Davis,Widget C,7,30.0,210.0
684,2023-02-01,Alice Johnson,Widget C,3,30.0,90.0
685,2023-01-09,John Doe,Widget B,3,45.75,137.25
686,2023-11-20,Jane Smith,Widget A,2,25.5,51.0
687,2023-10-16,Alice Johnson,Gadget E,8,15.0,120.0
688,2023-12-29,Alice Johnson,Widget C,3,30.0,90.0
689,2023-06-04,Bob Lee,Widget C,2,30.0,60.0
690,2023-02-17,Alice Johnson,Gadget E,5,15.0,75.0
691,2023-01-06,Bob Lee,Widget C,10,30.0,300.0
692,2023-12-24,John Doe,Widget B,2,45.75,91.5
693,2023-04-21,Bob Lee,Gadget D,6,60.25,361.5
694,2023-12-01,Alice Johnson,Widget B,6,45.75,274.5
695,2023-06-15,Alice Johnson,Widget C,7,30.0,210.0
696,2023-01-07,Bob Lee,Widget C,3,30.0,90.0
697,2023-05-31,Jane Smith,Widget B,5,45.75,228.75
698,2023-10-30,John Doe,Gadget D,2,60.25,120.5
699,2023-09-27,Maria Davis,Widget C,6,30.0,180.0
700,2023-06-24,John Doe,Widget C,10,30.0,300.0
701,2023-04-07,Maria Davis,Widget C,2,30.0,60.0
702,2023-01-13,Jane Smith,Widget A,4,25.5,102.0
703,2023-09-14,John Doe,Widget C,8,30.0,240.0
704,2023-02-19,Bob Lee,Gadget E,7,15.0,105.0
705,2023-12-15,Alice Johnson,Gadget E,5,15.0,75.0
706,2023-07-05,Alice Johnson,Gadget D,6,60.25,361.5
707,2023-04-07,John Doe,Widget A,3,25.5,76.5
708,2023-07-28,Alice Johnson,Widget A,9,25.5,229.5
709,2023-09-07,Jane Smith,Widget B,8,45.75,366.0
710,2023-04-06,Bob Lee,Gadget E,10,15.0,150.0
711,2023-06-09,Bob Lee,Widget A,5,25.5,127.5
712,2023-04-15,Maria Davis,Gadget D,1,60.25,60.25
713,2023-11-24,Jane Smith,Widget B,7,45.75,320.25
714,2023-09-26,Alice Johnson,Gadget E,10,15.0,150.0
715,2023-10-01,Alice Johnson,Widget B,6,45.75,274.5
716,2023-02-20,Bob Lee,Widget B,7,45.75,320.25
717,2023-09-26,Alice Johnson,Widget A,10,25.5,255.0
718,2023-08-11,Alice Johnson,Widget C,2,30.0,60.0
719,2023-01-31,Bob Lee,Gadget E,8,15.0,120.0
720,2023-01-16,Alice Johnson,Widget C,10,30.0,300.0
721,2023-12-04,Alice Johnson,Widget A,4,25.5,102.0
722,2023-02-14,John Doe,Gadget E,4,15.0,60.0
723,2023-11-15,Bob Lee,Gadget E,10,15.0,150.0
724,2023-01-28,John Doe,Widget A,6,25.5,153.0
725,2023-12-22,John Doe,Gadget D,9,60.25,542.25
726,2023-09-04,Maria Davis,Gadget D,10,60.25,602.5
727,2023-03-21,Alice Johnson,Widget B,6,45.75,274.5
728,2023-06-04,Bob Lee,Widget C,9,30.0,270.0
729,2023-07-08,Jane Smith,Widget C,2,30.0,60.0
730,2023-04-26,Jane Smith,Widget A,6,25.5,153.0
731,2023-02-03,Alice Johnson,Widget A,2,25.5,51.0
732,2023-06-01,Alice Johnson,Widget C,10,30.0,300.0
733,2023-10-27,Alice Johnson,Widget B,3,45.75,137.25
734,2023-12-04,Bob Lee,Gadget D,7,60.25,421.75
735,2023-08-25,Alice Johnson,Widget B,4,45.75,183.0
736,2023-07-14,Maria Davis,Widget A,6,25.5,153.0
737,2023-02-26,Alice Johnson,Widget A,8,25.5,204.0
738,2023-08-29,Maria Davis,Gadget D,2,60.25,120.5
739,2023-08-23,Bob Lee,Gadget D,3,60.25,180.75
740,2023-04-01,John Doe,Widget B,7,45.75,320.25
741,2023-09-06,Bob Lee,Widget C,5,30.0,150.0
742,2023-06-04,Alice Johnson,Gadget D,7,60.25,421.75
743,2023-02-14,Maria Davis,Widget A,7,25.5,178.5
744,2023-10-31,Jane Smith,Gadget D,9,60.25,542.25
745,2023-09-24,Alice Johnson,Gadget D,1,60.25,60.25
746,2023-01-21,Alice Johnson,Gadget E,1,15.0,15.0
747,2023-09-10,Bob Lee,Widget C,7,30.0,210.0
748,2023-09-05,Alice Johnson,Widget B,5,45.75,228.75
749,2023-06-22,Alice Johnson,Widget C,5,30.0,150.0
750,2023-04-18,Maria Davis,Widget B,10,45.75,457.5
751,2023-02-05,Bob Lee,Gadget D,10,60.25,602.5
752,2023-05-23,Bob Lee,Widget B,3,45.75,137.25
753,2023-06-19,Jane Smith,Widget C,7,30.0,210.0
754,2023-07-08,John Doe,Gadget E,10,15.0,150.0
755,2023-07-18,Bob Lee,Gadget D,6,60.25,361.5
756,2023-10-09,Maria Davis,Widget B,1,45.75,45.75
757,2023-07-21,John Doe,Widget C,5,30.0,150.0
758,2023-07-09,Maria Davis,Gadget D,4,60.25,241.0
759,2023-01-21,Jane Smith,Widget A,2,25.5,51.0
760,2023-10-11,Maria Davis,Gadget E,6,15.0,90.0
761,2023-10-02,Maria Davis,Widget B,4,45.75,183.0
762,2023-12-08,Jane Smith,Widget C,1,30.0,30.0
763,2023-12-10,Alice Johnson,Widget A,2,25.5,51.0
764,2023-10-05,John Doe,Gadget E,8,15.0,120.0
765,2023-03-01,Jane Smith,Gadget E,1,15.0,15.0
766,2023-02-18,John Doe,Widget B,10,45.75,457.5
767,2023-04-14,Maria Davis,Widget A,2,25.5,51.0
768,2023-05-29,Bob Lee,Gadget D,3,60.25,180.75
769,2023-02-12,Maria Davis,Widget C,2,30.0,60.0
770,2023-09-04,Bob Lee,Widget C,6,30.0,180.0
771,2023-06-30,Jane Smith,Gadget E,1,15.0,15.0
772,2023-09-14,John Doe,Widget A,3,25.5,76.5
773,2023-05-26,Bob Lee,Widget B,2,45.75,91.5
774,2023-05-27,Jane Smith,Gadget D,9,60.25,542.25
775,2023-09-06,Bob Lee,Widget B,4,45.75,183.0
776,2023-09-25,Alice Johnson,Widget A,2,25.5,51.0
777,2023-10-04,Bob Lee,Widget C,10,30.0,300.0
778,2023-12-19,Alice Johnson,Widget B,2,45.75,91.5
779,2023-04-09,John Doe,Gadget D,8,60.25,482.0
780,2023-11-08,Bob Lee,Widget B,4,45.75,183.0
781,2023-04-06,Maria Davis,Gadget E,2,15.0,30.0
782,2023-03-07,Bob Lee,Gadget E,7,15.0,105.0
783,2023-11-20,John Doe,Widget A,7,25.5,178.5
784,2023-07-30,Jane Smith,Gadget D,10,60.25,602.5
785,2023-01-03,Jane Smith,Widget A,2,25.5,51.0
786,2023-09-02,John Doe,Widget A,10,25.5,255.0
787,2023-02-06,Jane Smith,Widget C,7,30.0,210.0
788,2023-08-07,Maria Davis,Widget A,10,25.5,255.0
789,2023-12-14,Jane Smith,Gadget E,6,15.0,90.0
790,2023-12-26,Alice Johnson,Widget C,3,30.0,90.0
791,2023-07-22,John Doe,Widget B,1,45.75,45.75
792,2023-10-17,Maria Davis,Widget B,5,45.75,228.75
793,2023-08-24,Maria Davis,Widget B,1,45.75,45.75
794,2023-04-24,Bob Lee,Widget A,8,25.5,204.0
795,2023-04-29,John Doe,Widget A,1,25.5,25.5
796,2023-06-10,Alice Johnson,Gadget E,1,15.0,15.0
797,2023-12-26,Jane Smith,Widget B,1,45.75,45.75
798,2023-12-29,John Doe,Gadget D,3,60.25,180.75
799,2023-07-14,Jane Smith,Widget B,6,45.75,274.5
800,2023-08-10,Maria Davis,Widget B,9,45.75,411.75
801,2023-04-14,Jane Smith,Widget C,8,30.0,240.0
802,2023-07-31,Bob Lee,Widget A,5,25.5,127.5
803,2023-03-22,John Doe,Gadget E,5,15.0,75.0
804,2023-08-30,John Doe,Widget B,2,45.75,91.5
805,2023-04-26,Bob Lee,Widget B,5,45.75,228.75
806,2023-03-05,Jane Smith,Widget C,9,30.0,270.0
807,2023-08-28,Bob Lee,Widget C,4,30.0,120.0
808,2023-02-25,Maria Davis,Widget A,10,25.5,255.0
809,2023-12-07,John Doe,Widget B,5,45.75,228.75
810,2023-02-06,Maria Davis,Widget B,2,45.75,91.5
811,2023-04-09,John Doe,Widget B,1,45.75,45.75
812,2023-08-22,Bob Lee,Widget C,4,30.0,120.0
813,2023-01-17,Jane Smith,Widget A,1,25.5,25.5
814,2023-12-07,John Doe,Widget C,10,30.0,300.0
815,2023-08-17,Jane Smith,Gadget E,5,15.0,75.0
816,2023-05-17,Alice Johnson,Widget C,3,30.0,90.0
817,2023-10-14,John Doe,Gadget D,6,60.25,361.5
818,2023-02-19,Bob Lee,Widget C,7,30.0,210.0
819,2023-10-05,John Doe,Widget B,8,45.75,366.0
820,2023-08-30,John Doe,Widget C,6,30.0,180.0
821,2023-01-17,John Doe,Gadget D,4,60.25,241.0
822,2023-08-31,Maria Davis,Gadget E,7,15.0,105.0
823,2023-10-11,Bob Lee,Widget B,3,45.75,137.25
824,2023-02-04,Bob Lee,Gadget E,4,15.0,60.0
825,2023-05-09,John Doe,Widget C,1,30.0,30.0
826,2023-04-22,Alice Johnson,Widget A,5,25.5,127.5
827,2023-09-03,Bob Lee,Gadget E,1,15.0,15.0
828,2023-09-03,Alice Johnson,Widget C,4,30.0,120.0
829,2023-09-23,John Doe,Gadget E,2,15.0,30.0
830,2023-02-15,Alice Johnson,Widget B,1,45.75,45.75
831,2023-02-11,Maria Davis,Widget A,5,25.5,127.5
832,2023-05-31,Maria Davis,Widget A,10,25.5,255.0
833,2023-01-05,Bob Lee,Gadget E,1,15.0,15.0
834,2023-03-27,Alice Johnson,Widget C,4,30.0,120.0
835,2023-06-23,Maria Davis,Widget B,10,45.75,457.5
836,2023-07-10,Jane Smith,Gadget D,8,60.25,482.0
837,2023-07-03,Alice Johnson,Widget A,3,25.5,76.5
838,2023-01-23,Alice Johnson,Widget C,3,30.0,90.0
839,2023-08-22,Jane Smith,Gadget E,7,15.0,105.0
840,2023-06-09,Jane Smith,Gadget D,10,60.25,602.5
841,2023-01-18,John Doe,Widget A,8,25.5,204.0
842,2023-10-05,John Doe,Widget A,6,25.5,153.0
843,2023-11-13,John Doe,Widget A,2,25.5,51.0
844,2023-03-06,John Doe,Gadget E,10,15.0,150.0
845,2023-04-19,Bob Lee,Widget B,2,45.75,91.5
846,2023-07-17,Alice Johnson,Widget A,10,25.5,255.0
847,2023-06-11,Maria Davis,Widget A,4,25.5,102.0
848,2023-12-04,John Doe,Widget B,4,45.75,183.0
849,2023-08-03,Jane Smith,Widget B,1,45.75,45.75
850,2023-02-03,John Doe,Gadget E,10,15.0,150.0
851,2023-12-25,Maria Davis,Widget C,1,30.0,30.0
852,2023-07-18,Maria Davis,Gadget E,3,15.0,45.0
853,2023-09-08,Alice Johnson,Gadget E,3,15.0,45.0
854,2023-09-24,Bob Lee,Widget A,1,25.5,25.5
855,2023-10-29,Jane Smith,Widget C,9,30.0,270.0
856,2023-12-11,Bob Lee,Widget B,2,45.75,91.5
857,2023-04-11,Jane Smith,Gadget D,3,60.25,180.75
858,2023-08-05,Maria Davis,Gadget E,1,15.0,15.0
859,2023-03-26,Maria Davis,Widget A,7,25.5,178.5
860,2023-12-15,Maria Davis,Gadget D,9,60.25,542.25
861,2023-05-23,John Doe,Gadget D,1,60.25,60.25
862,2023-12-14,Jane Smith,Gadget E,6,15.0,90.0
863,2023-06-18,Bob Lee,Widget C,5,30.0,150.0
864,2023-06-03,Bob Lee,Gadget D,10,60.25,602.5
865,2023-08-15,Bob Lee,Gadget E,4,15.0,60.0
866,2023-04-29,Jane Smith,Gadget E,8,15.0,120.0
867,2023-05-01,Alice Johnson,Widget B,9,45.75,411.75
868,2023-10-15,Alice Johnson,Gadget E,1,15.0,15.0
869,2023-04-18,Alice Johnson,Gadget D,3,60.25,180.75
870,2023-10-21,Bob Lee,Widget A,9,25.5,229.5
871,2023-07-08,Jane Smith,Gadget D,3,60.25,180.75
872,2023-12-25,Jane Smith,Widget A,1,25.5,25.5
873,2023-07-25,Alice Johnson,Gadget D,1,60.25,60.25
874,2023-08-30,Maria Davis,Widget C,9,30.0,270.0
875,2023-12-14,Jane Smith,Gadget E,1,15.0,15.0
876,2023-01-24,Alice Johnson,Widget A,9,25.5,229.5
877,2023-08-07,Jane Smith,Widget A,5,25.5,127.5
878,2023-05-20,Alice Johnson,Gadget D,8,60.25,482.0
879,2023-08-22,Bob Lee,Widget A,8,25.5,204.0
880,2023-08-24,Bob Lee,Gadget E,2,15.0,30.0
881,2023-08-04,John Doe,Widget A,8,25.5,204.0
882,2023-09-24,Bob Lee,Widget A,8,25.5,204.0
883,2023-01-10,Alice Johnson,Widget A,8,25.5,204.0
884,2023-03-08,Maria Davis,Widget B,7,45.75,320.25
885,2023-02-14,John Doe,Widget B,1,45.75,45.75
886,2023-08-13,Bob Lee,Widget C,4,30.0,120.0
887,2023-05-06,John Doe,Gadget D,9,60.25,542.25
888,2023-06-22,John Doe,Widget B,8,45.75,366.0
889,2023-05-06,Jane Smith,Widget A,7,25.5,178.5
890,2023-06-11,Jane Smith,Gadget E,4,15.0,60.0
891,2023-02-02,Jane Smith,Gadget E,4,15.0,60.0
892,2023-11-18,John Doe,Widget B,10,45.75,457.5
893,2023-01-07,Jane Smith,Gadget E,4,15.0,60.0
894,2023-06-10,Maria Davis,Widget A,1,25.5,25.5
895,2023-02-28,John Doe,Widget C,1,30.0,30.0
896,2023-11-24,Jane Smith,Gadget E,4,15.0,60.0
897,2023-09-03,Bob Lee,Gadget D,7,60.25,421.75
898,2023-08-28,Jane Smith,Gadget E,9,15.0,135.0
899,2023-08-05,Alice Johnson,Widget B,8,45.75,366.0
900,2023-07-20,John Doe,Gadget D,7,60.25,421.75
901,2023-02-02,Bob Lee,Widget A,10,25.5,255.0
902,2023-12-29,Maria Davis,Gadget D,6,60.25,361.5
903,2023-12-20,Jane Smith,Gadget D,9,60.25,542.25
904,2023-03-21,John Doe,Widget A,2,25.5,51.0
905,2023-02-12,Alice Johnson,Widget A,3,25.5,76.5
906,2023-12-12,Jane Smith,Widget B,10,45.75,457.5
907,2023-11-23,Alice Johnson,Gadget E,7,15.0,105.0
908,2023-07-31,Maria Davis,Widget C,2,30.0,60.0
909,2023-07-07,Maria Davis,Gadget E,3,15.0,45.0
910,2023-06-05,Bob Lee,Gadget D,7,60.25,421.75
911,2023-12-19,John Doe,Widget B,4,45.75,183.0
912,2023-07-25,Alice Johnson,Widget A,2,25.5,51.0
913,2023-04-08,Bob Lee,Gadget D,2,60.25,120.5
914,2023-04-16,Bob Lee,Gadget E,10,15.0,150.0
915,2023-05-16,Bob Lee,Widget C,10,30.0,300.0
916,2023-12-16,Alice Johnson,Widget A,5,25.5,127.5
917,2023-08-05,Maria Davis,Widget C,1,30.0,30.0
918,2023-07-28,Jane Smith,Widget C,2,30.0,60.0
919,2023-09-11,John Doe,Widget B,1,45.75,45.75
920,2023-12-14,Bob Lee,Widget B,5,45.75,228.75
921,2023-10-02,Bob Lee,Gadget D,6,60.25,361.5
922,2023-02-16,Jane Smith,Gadget D,4,60.25,241.0
923,2023-11-27,Maria Davis,Gadget E,4,15.0,60.0
924,2023-09-28,Maria Davis,Widget B,9,45.75,411.75
925,2023-11-16,Bob Lee,Widget B,3,45.75,137.25
926,2023-01-27,Bob Lee,Gadget E,4,15.0,60.0
927,2023-10-22,Maria Davis,Widget B,7,45.75,320.25
928,2023-10-22,Jane Smith,Widget B,6,45.75,274.5
929,2023-12-28,Maria Davis,Gadget E,6,15.0,90.0
930,2023-10-31,John Doe,Gadget D,8,60.25,482.0
931,2023-03-15,Maria Davis,Widget A,10,25.5,255.0
932,2023-07-24,Maria Davis,Widget B,9,45.75,411.75
933,2023-02-17,Alice Johnson,Gadget D,3,60.25,180.75
934,2023-02-05,Jane Smith,Widget A,8,25.5,204.0
935,2023-10-22,Alice Johnson,Widget C,1,30.0,30.0
936,2023-09-23,Bob Lee,Gadget E,5,15.0,75.0
937,2023-03-28,Jane Smith,Widget B,5,45.75,228.75
938,2023-04-16,John Doe,Widget A,6,25.5,153.0
939,2023-06-23,Jane Smith,Gadget D,5,60.25,301.25
940,2023-08-02,John Doe,Widget C,5,30.0,150.0
941,2023-06-11,John Doe,Widget A,4,25.5,102.0
942,2023-11-13,Maria Davis,Gadget E,4,15.0,60.0
943,2023-09-11,Bob Lee,Widget B,3,45.75,137.25
944,2023-08-31,Maria Davis,Widget B,2,45.75,91.5
945,2023-11-26,Maria Davis,Gadget D,8,60.25,482.0
946,2023-11-09,John Doe,Gadget E,7,15.0,105.0
947,2023-10-28,John Doe,Widget B,7,45.75,320.25
948,2023-08-22,Alice Johnson,Gadget E,4,15.0,60.0
949,2023-08-26,Alice Johnson,Gadget E,3,15.0,45.0
950,2023-03-25,Alice Johnson,Widget B,3,45.75,137.25
951,2023-02-16,John Doe,Widget A,7,25.5,178.5
952,2023-08-15,Bob Lee,Gadget E,2,15.0,30.0
953,2023-03-28,Alice Johnson,Widget A,2,25.5,51.0
954,2023-11-28,Maria Davis,Widget A,2,25.5,51.0
955,2023-04-14,Maria Davis,Widget A,8,25.5,204.0
956,2023-03-30,Bob Lee,Widget C,6,30.0,180.0
957,2023-03-01,John Doe,Gadget E,3,15.0,45.0
958,2023-04-30,Alice Johnson,Widget B,2,45.75,91.5
959,2023-03-16,Alice Johnson,Gadget D,7,60.25,421.75
960,2023-11-13,Bob Lee,Gadget D,5,60.25,301.25
961,2023-02-17,Jane Smith,Gadget D,5,60.25,301.25
962,2023-10-21,Alice Johnson,Widget C,5,30.0,150.0
963,2023-09-22,Alice Johnson,Widget A,5,25.5,127.5
964,2023-12-29,John Doe,Widget B,8,45.75,366.0
965,2023-07-14,Maria Davis,Widget B,5,45.75,228.75
966,2023-12-06,Maria Davis,Widget B,8,45.75,366.0
967,2023-12-16,Bob Lee,Widget A,8,25.5,204.0
968,2023-03-17,Alice Johnson,Widget C,10,30.0,300.0
969,2023-03-25,Jane Smith,Widget B,2,45.75,91.5
970,2023-10-31,Alice Johnson,Widget A,10,25.5,255.0
971,2023-06-15,Alice Johnson,Widget C,2,30.0,60.0
972,2023-07-16,Alice Johnson,Widget C,9,30.0,270.0
973,2023-06-03,Jane Smith,Widget C,5,30.0,150.0
974,2023-06-27,Jane Smith,Widget A,8,25.5,204.0
975,2023-09-16,Alice Johnson,Gadget E,9,15.0,135.0
976,2023-10-06,Jane Smith,Gadget D,4,60.25,241.0
977,2023-03-26,Maria Davis,Widget A,10,25.5,255.0
978,2023-06-30,John Doe,Widget C,4,30.0,120.0
979,2023-11-24,Alice Johnson,Widget B,1,45.75,45.75
980,2023-11-05,Bob Lee,Gadget D,7,60.25,421.75
981,2023-05-13,Maria Davis,Widget B,1,45.75,45.75
982,2023-05-12,Bob Lee,Gadget E,4,15.0,60.0
983,2023-04-07,John Doe,Gadget D,10,60.25,602.5
984,2023-03-27,Jane Smith,Widget A,7,25.5,178.5
985,2023-08-20,John Doe,Widget B,2,45.75,91.5
986,2023-02-20,John Doe,Gadget E,4,15.0,60.0
987,2023-09-01,Jane Smith,Widget B,3,45.75,137.25
988,2023-04-15,John Doe,Widget A,3,25.5,76.5
989,2023-01-25,Maria Davis,Gadget E,2,15.0,30.0
990,2023-06-16,Alice Johnson,Gadget E,9,15.0,135.0
991,2023-02-25,Alice Johnson,Gadget D,8,60.25,482.0
992,2023-08-03,John Doe,Widget A,6,25.5,153.0
993,2023-01-21,Jane Smith,Widget C,5,30.0,150.0
994,2023-10-11,Jane Smith,Widget A,4,25.5,102.0
995,2023-07-10,Jane Smith,Gadget D,2,60.25,120.5
996,2023-01-29,Bob Lee,Widget A,2,25.5,51.0
997,2023-03-05,Bob Lee,Widget B,5,45.75,228.75
998,2023-04-25,Maria Davis,Widget C,3,30.0,90.0
999,2023-07-22,John Doe,Widget B,5,45.75,228.75
1000,2023-09-14,Bob Lee,Gadget E,3,15.0,45.0
